{
    "bitcore":  {
                    "name":  "bitcore",
                    "port":  3556,
                    "coins":  1,
                    "fees":  1.25,
                    "hashrate":  0,
                    "workers":  0,
                    "estimate_current":  "0.00000748",
                    "estimate_last24h":  "0.00000724",
                    "actual_last24h":  0,
                    "mbtc_mh_factor":  1,
                    "hashrate_last24h":  23723590.1684
                },
    "blake2s":  {
                    "name":  "blake2s",
                    "port":  5766,
                    "coins":  2,
                    "fees":  1.25,
                    "hashrate":  36818979375,
                    "workers":  4,
                    "estimate_current":  "0.00000689",
                    "estimate_last24h":  "0.00000809",
                    "actual_last24h":  0.0071699999999999993,
                    "mbtc_mh_factor":  1000,
                    "hashrate_last24h":  1089866776899.1
                },
    "lyra2v2":  {
                    "name":  "lyra2v2",
                    "port":  4533,
                    "coins":  4,
                    "fees":  1.25,
                    "hashrate":  1142174922,
                    "workers":  8,
                    "estimate_current":  "0.00000258",
                    "estimate_last24h":  "0.00000301",
                    "actual_last24h":  0.0028899999999999998,
                    "mbtc_mh_factor":  1,
                    "hashrate_last24h":  576591886.3158
                },
    "lyra2z":  {
                   "name":  "lyra2z",
                   "port":  4553,
                   "coins":  1,
                   "fees":  0.1,
                   "hashrate":  1030726,
                   "workers":  2,
                   "estimate_current":  "0.00005827",
                   "estimate_last24h":  "0.00006792",
                   "actual_last24h":  0,
                   "mbtc_mh_factor":  1,
                   "hashrate_last24h":  3399187.9263
               },
    "m7m":  {
                "name":  "m7m",
                "port":  6033,
                "coins":  1,
                "fees":  1.25,
                "hashrate":  1030272,
                "workers":  30,
                "estimate_current":  "0.00004448",
                "estimate_last24h":  "0.00011258",
                "actual_last24h":  0.07698,
                "mbtc_mh_factor":  1,
                "hashrate_last24h":  977803.4526
            },
    "myr-gr":  {
                   "name":  "myr-gr",
                   "port":  5433,
                   "coins":  5,
                   "fees":  1.25,
                   "hashrate":  105318554,
                   "workers":  5,
                   "estimate_current":  "0.00000005",
                   "estimate_last24h":  "0.00000006",
                   "actual_last24h":  0,
                   "mbtc_mh_factor":  1,
                   "hashrate_last24h":  550174940
               },
    "neoscrypt":  {
                      "name":  "neoscrypt",
                      "port":  4233,
                      "coins":  9,
                      "fees":  1.25,
                      "hashrate":  253303260,
                      "workers":  99,
                      "estimate_current":  "0.00013307",
                      "estimate_last24h":  "0.00014294",
                      "actual_last24h":  0.11232759999999999,
                      "mbtc_mh_factor":  1,
                      "hashrate_last24h":  240522611.9263
                  },
    "nist5":  {
                  "name":  "nist5",
                  "port":  3833,
                  "coins":  1,
                  "fees":  1.25,
                  "hashrate":  0,
                  "workers":  1,
                  "estimate_current":  "0.00000001",
                  "estimate_last24h":  "0.00000001",
                  "actual_last24h":  0,
                  "mbtc_mh_factor":  1,
                  "hashrate_last24h":  264191.4316
              },
    "phi2":  {
                 "name":  "phi2",
                 "port":  8332,
                 "coins":  1,
                 "fees":  0.1,
                 "hashrate":  5039428,
                 "workers":  2,
                 "estimate_current":  "0.00004443",
                 "estimate_last24h":  "0.00001283",
                 "actual_last24h":  0,
                 "mbtc_mh_factor":  1,
                 "hashrate_last24h":  995829.1684
             },
    "quark":  {
                  "name":  "quark",
                  "port":  4033,
                  "coins":  2,
                  "fees":  1.25,
                  "hashrate":  0,
                  "workers":  2,
                  "estimate_current":  "0.00000008",
                  "estimate_last24h":  "0.00000007",
                  "actual_last24h":  6.0400000000000011E-05,
                  "mbtc_mh_factor":  1,
                  "hashrate_last24h":  537024626.6211
              },
    "qubit":  {
                  "name":  "qubit",
                  "port":  4733,
                  "coins":  3,
                  "fees":  1.25,
                  "hashrate":  293203,
                  "workers":  7,
                  "estimate_current":  "0.00000006",
                  "estimate_last24h":  "0.00000008",
                  "actual_last24h":  5.9999999999999995E-05,
                  "mbtc_mh_factor":  1,
                  "hashrate_last24h":  582351511.3684
              },
    "scrypt":  {
                   "name":  "scrypt",
                   "port":  3433,
                   "coins":  8,
                   "fees":  1.25,
                   "hashrate":  7114613100,
                   "workers":  23,
                   "estimate_current":  "0.00000080",
                   "estimate_last24h":  "0.00000076",
                   "actual_last24h":  0.00069999999999999988,
                   "mbtc_mh_factor":  1,
                   "hashrate_last24h":  7383009104.6632
               },
    "skein":  {
                  "name":  "skein",
                  "port":  4933,
                  "coins":  4,
                  "fees":  1.25,
                  "hashrate":  867998459,
                  "workers":  6,
                  "estimate_current":  "0.00000022",
                  "estimate_last24h":  "0.00000018",
                  "actual_last24h":  0,
                  "mbtc_mh_factor":  1,
                  "hashrate_last24h":  2483282427.1684
              },
    "timetravel":  {
                       "name":  "timetravel",
                       "port":  3555,
                       "coins":  1,
                       "fees":  1.25,
                       "hashrate":  435488159,
                       "workers":  11,
                       "estimate_current":  "0.00000336",
                       "estimate_last24h":  "0.00000367",
                       "actual_last24h":  0.0031792,
                       "mbtc_mh_factor":  1,
                       "hashrate_last24h":  323448013.9684
                   },
    "tribus":  {
                   "name":  "tribus",
                   "port":  8533,
                   "coins":  1,
                   "fees":  1.25,
                   "hashrate":  167008486,
                   "workers":  1,
                   "estimate_current":  "0.00000037",
                   "estimate_last24h":  "0.00000123",
                   "actual_last24h":  0.0007095999999999999,
                   "mbtc_mh_factor":  1,
                   "hashrate_last24h":  557242523.6
               },
    "x11":  {
                "name":  "x11",
                "port":  3533,
                "coins":  7,
                "fees":  1.25,
                "hashrate":  35624176740,
                "workers":  5,