{
    "bitcore":  {
                    "name":  "bitcore",
                    "port":  3556,
                    "coins":  1,
                    "fees":  1,
                    "hashrate":  3323788980,
                    "workers":  77,
                    "estimate_current":  "0.00001086",
                    "estimate_last24h":  "0.00000948",
                    "actual_last24h":  0.00889,
                    "hashrate_last24h":  1438547817.7708
                },
    "blake2s":  {
                    "name":  "blake2s",
                    "port":  5766,
                    "coins":  4,
                    "fees":  1,
                    "hashrate":  2421124604363,
                    "workers":  468,
                    "estimate_current":  "0.00001581",
                    "estimate_last24h":  "0.00001737",
                    "actual_last24h":  0.013997540983606558,
                    "hashrate_last24h":  2437725702842.7
                },
    "blakecoin":  {
                      "name":  "blakecoin",
                      "port":  5743,
                      "coins":  3,
                      "fees":  1,
                      "hashrate":  10379389766,
                      "workers":  2,
                      "estimate_current":  "0.00000580",
                      "estimate_last24h":  "0.00000524",
                      "actual_last24h":  0.00613,
                      "hashrate_last24h":  7913429521.0104
                  },
    "c11":  {
                "name":  "c11",
                "port":  3573,
                "coins":  2,
                "fees":  1,
                "hashrate":  110332327,
                "workers":  8,
                "estimate_current":  "0.00000892",
                "estimate_last24h":  "0.00000565",
                "actual_last24h":  0.0073465573770491793,
                "hashrate_last24h":  205969069.8229
            },
    "groestl":  {
                    "name":  "groestl",
                    "port":  5333,
                    "coins":  1,
                    "fees":  1,
                    "hashrate":  63107335,
                    "workers":  18,
                    "estimate_current":  "0.00000161",
                    "estimate_last24h":  "0.00000200",
                    "actual_last24h":  0.00212,
                    "hashrate_last24h":  157151619.9271
                },
    "hmq1725":  {
                    "name":  "hmq1725",
                    "port":  3747,
                    "coins":  1,
                    "fees":  1,
                    "hashrate":  384530252,
                    "workers":  31,
                    "estimate_current":  "0.00003842",
                    "estimate_last24h":  "0.00003433",
                    "actual_last24h":  0.032247049180327871,
                    "hashrate_last24h":  582387685.2917
                },
    "hsr":  {
                "name":  "hsr",
                "port":  7433,
                "coins":  1,
                "fees":  1,
                "hashrate":  686447099,
                "workers":  29,
                "estimate_current":  "0.00001198",
                "estimate_last24h":  "0.00000999",
                "actual_last24h":  0.00673,
                "hashrate_last24h":  307857452.7813
            },
    "keccak":  {
                   "name":  "keccak",
                   "port":  5133,
                   "coins":  1,
                   "fees":  1,
                   "hashrate":  3665039,
                   "workers":  7,
                   "estimate_current":  "0.00000007",
                   "estimate_last24h":  "0.00000006",
                   "actual_last24h":  8E-05,
                   "hashrate_last24h":  687972633.6667
               },
    "lbry":  {
                 "name":  "lbry",
                 "port":  3334,
                 "coins":  1,
                 "fees":  1,
                 "hashrate":  162048772466,
                 "workers":  28,
                 "estimate_current":  "0.00000007",
                 "estimate_last24h":  "0.00000007",
                 "actual_last24h":  7E-05,
                 "hashrate_last24h":  471089471987.91
             },
    "lyra2v2":  {
                    "name":  "lyra2v2",
                    "port":  4533,
                    "coins":  6,
                    "fees":  1,
                    "hashrate":  160362283565,
                    "workers":  619,
                    "estimate_current":  "0.00000426",
                    "estimate_last24h":  "0.00000425",
                    "actual_last24h":  0.00399032786885246,
                    "hashrate_last24h":  112433724828.12
                },
    "m7m":  {
                "name":  "m7m",
                "port":  6033,
                "coins":  1,
                "fees":  1,
                "hashrate":  1333048,
                "workers":  35,
                "estimate_current":  "0.00006403",
                "estimate_last24h":  "0.00005139",
                "actual_last24h":  0.053999016393442623,
                "hashrate_last24h":  1236924.9167
            },
    "myr-gr":  {
                   "name":  "myr-gr",
                   "port":  5433,
                   "coins":  6,
                   "fees":  1,
                   "hashrate":  1402268,
                   "workers":  3,
                   "estimate_current":  "0.00000036",
                   "estimate_last24h":  "0.00000014",
                   "actual_last24h":  0.00012049180327868852,
                   "hashrate_last24h":  27462379759
               },
    "neoscrypt":  {
                      "name":  "neoscrypt",
                      "port":  4233,
                      "coins":  11,
                      "fees":  1,
                      "hashrate":  1744843619,
                      "workers":  354,
                      "estimate_current":  "0.00013385",
                      "estimate_last24h":  "0.00016132",
                      "actual_last24h":  0.14658836065573772,
                      "hashrate_last24h":  4620994367.8021
                  },
    "nist5":  {
                  "name":  "nist5",
                  "port":  3833,
                  "coins":  3,
                  "fees":  1,
                  "hashrate":  6990929492,
                  "workers":  40,
                  "estimate_current":  "0.00000121",
                  "estimate_last24h":  "0.00000136",
                  "actual_last24h":  0.0017955737704918033,
                  "hashrate_last24h":  14336039777.677
              },
    "phi":  {
                "name":  "phi",
                "port":  8333,
                "coins":  1,
                "fees":  1,
                "hashrate":  175509089119,
                "workers":  985,
                "estimate_current":  "0.00000816",
                "estimate_last24h":  "0.00001199",
                "actual_last24h":  0.011530000000000002,
                "hashrate_last24h":  89314105596.229
            },
    "qubit":  {
                  "name":  "qubit",
                  "port":  4733,
                  "coins":  2,
                  "fees":  1,
                  "hashrate":  23629325850,
                  "workers":  3,
                  "estimate_current":  "0.00026563",
                  "estimate_last24h":  "0.00019871",
                  "actual_last24h":  0.15424000000000002,
                  "hashrate_last24h":  12930452516.781
              },
    "scrypt":  {
                   "name":  "scrypt",
                   "port":  3433,
                   "coins":  12,
                   "fees":  1,
                   "hashrate":  74013843513,
                   "workers":  244,
                   "estimate_current":  "0.00200976",
                   "estimate_last24h":  "0.00191579",