{
    "bitcore":  {
                    "name":  "bitcore",
                    "port":  3556,
                    "coins":  1,
                    "fees":  1,
                    "hashrate":  2069658910,
                    "workers":  44,
                    "estimate_current":  "0.00001126",
                    "estimate_last24h":  "0.00001025",
                    "actual_last24h":  0.011260000000000001,
                    "hashrate_last24h":  2354466086.7396
                },
    "blake2s":  {
                    "name":  "blake2s",
                    "port":  5766,
                    "coins":  4,
                    "fees":  1,
                    "hashrate":  2340288509489,
                    "workers":  446,
                    "estimate_current":  "0.00001880",
                    "estimate_last24h":  "0.00001795",
                    "actual_last24h":  0.0188,
                    "hashrate_last24h":  2204693070512.6
                },
    "blakecoin":  {
                      "name":  "blakecoin",
                      "port":  5743,
                      "coins":  3,
                      "fees":  1,
                      "hashrate":  614861,
                      "workers":  1,
                      "estimate_current":  "0.00000331",
                      "estimate_last24h":  "0.00000450",
                      "actual_last24h":  0.00331,
                      "hashrate_last24h":  1616892932.625
                  },
    "c11":  {
                "name":  "c11",
                "port":  3573,
                "coins":  2,
                "fees":  1,
                "hashrate":  183838344,
                "workers":  9,
                "estimate_current":  "0.00000656",
                "estimate_last24h":  "0.00000699",
                "actual_last24h":  0.00656,
                "hashrate_last24h":  395548391.8333
            },
    "groestl":  {
                    "name":  "groestl",
                    "port":  5333,
                    "coins":  1,
                    "fees":  1,
                    "hashrate":  65741515,
                    "workers":  11,
                    "estimate_current":  "0.00000119",
                    "estimate_last24h":  "0.00000195",
                    "actual_last24h":  0.00119,
                    "hashrate_last24h":  102196310.9271
                },
    "hmq1725":  {
                    "name":  "hmq1725",
                    "port":  3747,
                    "coins":  1,
                    "fees":  1,
                    "hashrate":  557547672,
                    "workers":  45,
                    "estimate_current":  "0.00003629",
                    "estimate_last24h":  "0.00002985",
                    "actual_last24h":  0.03629,
                    "hashrate_last24h":  551648555.8125
                },
    "hsr":  {
                "name":  "hsr",
                "port":  7433,
                "coins":  1,
                "fees":  1,
                "hashrate":  274203540,
                "workers":  9,
                "estimate_current":  "0.00001239",
                "estimate_last24h":  "0.00000932",
                "actual_last24h":  0.01239,
                "hashrate_last24h":  752893030.4375
            },
    "keccak":  {
                   "name":  "keccak",
                   "port":  5133,
                   "coins":  1,
                   "fees":  1,
                   "hashrate":  2028369888,
                   "workers":  6,
                   "estimate_current":  "0.00000007",
                   "estimate_last24h":  "0.00000006",
                   "actual_last24h":  7.0000000000000007E-05,
                   "hashrate_last24h":  1012586261.8854
               },
    "lbry":  {
                 "name":  "lbry",
                 "port":  3334,
                 "coins":  1,
                 "fees":  1,
                 "hashrate":  127325622635,
                 "workers":  28,
                 "estimate_current":  "0.00000005",
                 "estimate_last24h":  "0.00000006",
                 "actual_last24h":  4.9999999999999996E-05,
                 "hashrate_last24h":  137864603785.11
             },
    "lyra2v2":  {
                    "name":  "lyra2v2",
                    "port":  4533,
                    "coins":  6,
                    "fees":  1,
                    "hashrate":  510972835093,
                    "workers":  459,
                    "estimate_current":  "0.00000334",
                    "estimate_last24h":  "0.00000409",
                    "actual_last24h":  0.00334,
                    "hashrate_last24h":  175557438432.1
                },
    "m7m":  {
                "name":  "m7m",
                "port":  6033,
                "coins":  1,
                "fees":  1,
                "hashrate":  991672,
                "workers":  20,
                "estimate_current":  "0.00004440",
                "estimate_last24h":  "0.00007362",
                "actual_last24h":  0.0444,
                "hashrate_last24h":  865757.3542
            },
    "myr-gr":  {
                   "name":  "myr-gr",
                   "port":  5433,
                   "coins":  6,
                   "fees":  1,
                   "hashrate":  273618,
                   "workers":  2,
                   "estimate_current":  "0.00000012",
                   "estimate_last24h":  "0.00000015",
                   "actual_last24h":  0.00011999999999999999,
                   "hashrate_last24h":  97689317478.646
               },
    "neoscrypt":  {
                      "name":  "neoscrypt",
                      "port":  4233,
                      "coins":  11,
                      "fees":  1,
                      "hashrate":  1513999745,
                      "workers":  482,
                      "estimate_current":  "0.00013045",
                      "estimate_last24h":  "0.00015446",
                      "actual_last24h":  0.13045,
                      "hashrate_last24h":  4854092644.9583
                  },
    "nist5":  {
                  "name":  "nist5",
                  "port":  3833,
                  "coins":  4,
                  "fees":  1,
                  "hashrate":  12418060246,
                  "workers":  217,
                  "estimate_current":  "0.00000404",
                  "estimate_last24h":  "0.00000280",
                  "actual_last24h":  0.00404,
                  "hashrate_last24h":  48554430733.823
              },
    "phi":  {
                "name":  "phi",
                "port":  8333,
                "coins":  1,
                "fees":  1,
                "hashrate":  83290058226,
                "workers":  1685,
                "estimate_current":  "0.00001163",
                "estimate_last24h":  "0.00000954",
                "actual_last24h":  0.01163,
                "hashrate_last24h":  83853896034.823
            },
    "qubit":  {
                  "name":  "qubit",
                  "port":  4733,
                  "coins":  2,
                  "fees":  1,
                  "hashrate":  5187642461,
                  "workers":  2,
                  "estimate_current":  "0.00027041",
                  "estimate_last24h":  "0.00020477",
                  "actual_last24h":  0.27041,
                  "hashrate_last24h":  4321003120.5313
              },
    "scrypt":  {
                   "name":  "scrypt",
                   "port":  3433,
                   "coins":  12,
                   "fees":  1,
                   "hashrate":  114551811473,
                   "workers":  291,
                   "estimate_current":  "0.00172581",
                   "estimate_last24h":  "0.00184594",
                   "actual_last24h":  1.7258099999999998,