{
    "bitcore":  {
                    "name":  "bitcore",
                    "port":  3556,
                    "coins":  1,
                    "fees":  1,
                    "hashrate":  2417321921,
                    "workers":  58,
                    "estimate_current":  "0.00000981",
                    "estimate_last24h":  "0.00000931",
                    "actual_last24h":  0.00919,
                    "hashrate_last24h":  3707975082.0208
                },
    "blake2s":  {
                    "name":  "blake2s",
                    "port":  5766,
                    "coins":  4,
                    "fees":  1,
                    "hashrate":  1888081367217,
                    "workers":  291,
                    "estimate_current":  "0.00001959",
                    "estimate_last24h":  "0.00001814",
                    "actual_last24h":  0.01701,
                    "hashrate_last24h":  1637730815909.6
                },
    "blakecoin":  {
                      "name":  "blakecoin",
                      "port":  5743,
                      "coins":  3,
                      "fees":  1,
                      "hashrate":  711561,
                      "workers":  1,
                      "estimate_current":  "0.00000201",
                      "estimate_last24h":  "0.00000184",
                      "actual_last24h":  0.0015400000000000001,
                      "hashrate_last24h":  387272428.9063
                  },
    "c11":  {
                "name":  "c11",
                "port":  3573,
                "coins":  2,
                "fees":  1,
                "hashrate":  267782392,
                "workers":  8,
                "estimate_current":  "0.00000542",
                "estimate_last24h":  "0.00000621",
                "actual_last24h":  0.0055239344262295086,
                "hashrate_last24h":  427994674.5208
            },
    "groestl":  {
                    "name":  "groestl",
                    "port":  5333,
                    "coins":  1,
                    "fees":  1,
                    "hashrate":  1374316,
                    "workers":  11,
                    "estimate_current":  "0.00000094",
                    "estimate_last24h":  "0.00000109",
                    "actual_last24h":  0.0011,
                    "hashrate_last24h":  46133877.7604
                },
    "hmq1725":  {
                    "name":  "hmq1725",
                    "port":  3747,
                    "coins":  2,
                    "fees":  1,
                    "hashrate":  2541502978,
                    "workers":  61,
                    "estimate_current":  "0.00003175",
                    "estimate_last24h":  "0.00002819",
                    "actual_last24h":  0.031010000000000003,
                    "hashrate_last24h":  972596466.7813
                },
    "hsr":  {
                "name":  "hsr",
                "port":  7433,
                "coins":  1,
                "fees":  1,
                "hashrate":  1632290982,
                "workers":  28,
                "estimate_current":  "0.00001108",
                "estimate_last24h":  "0.00001035",
                "actual_last24h":  0.012183442622950819,
                "hashrate_last24h":  1306640376.9792
            },
    "keccak":  {
                   "name":  "keccak",
                   "port":  5133,
                   "coins":  1,
                   "fees":  1,
                   "hashrate":  10995116,
                   "workers":  5,
                   "estimate_current":  "0.00000006",
                   "estimate_last24h":  "0.00000007",
                   "actual_last24h":  5.9999999999999995E-05,
                   "hashrate_last24h":  430138588.6042
               },
    "lbry":  {
                 "name":  "lbry",
                 "port":  3334,
                 "coins":  1,
                 "fees":  1,
                 "hashrate":  41535884259,
                 "workers":  8,
                 "estimate_current":  "0.00000003",
                 "estimate_last24h":  "0.00000004",
                 "actual_last24h":  2.9999999999999997E-05,
                 "hashrate_last24h":  79340280643.594
             },
    "lyra2v2":  {
                    "name":  "lyra2v2",
                    "port":  4533,
                    "coins":  7,
                    "fees":  1,
                    "hashrate":  236000435181,
                    "workers":  417,
                    "estimate_current":  "0.00000306",
                    "estimate_last24h":  "0.00000355",
                    "actual_last24h":  0.0034175409836065579,
                    "hashrate_last24h":  563130308774.1
                },
    "m7m":  {
                "name":  "m7m",
                "port":  6033,
                "coins":  1,
                "fees":  1,
                "hashrate":  2236861,
                "workers":  44,
                "estimate_current":  "0.00007980",
                "estimate_last24h":  "0.00010456",
                "actual_last24h":  0.08234,
                "hashrate_last24h":  2568235.7708
            },
    "myr-gr":  {
                   "name":  "myr-gr",
                   "port":  5433,
                   "coins":  6,
                   "fees":  1,
                   "hashrate":  18031990696,
                   "workers":  4,
                   "estimate_current":  "0.00000011",
                   "estimate_last24h":  "0.00000013",
                   "actual_last24h":  0.00013819672131147541,
                   "hashrate_last24h":  68782332150.729
               },
    "neoscrypt":  {
                      "name":  "neoscrypt",
                      "port":  4233,
                      "coins":  11,
                      "fees":  1,
                      "hashrate":  1113645190,
                      "workers":  179,
                      "estimate_current":  "0.00009923",
                      "estimate_last24h":  "0.00011915",
                      "actual_last24h":  0.11370573770491803,
                      "hashrate_last24h":  5538647510.2292
                  },
    "nist5":  {
                  "name":  "nist5",
                  "port":  3833,
                  "coins":  3,
                  "fees":  1,
                  "hashrate":  1793728609,
                  "workers":  19,
                  "estimate_current":  "0.00000237",
                  "estimate_last24h":  "0.00000204",
                  "actual_last24h":  0.0015345901639344263,
                  "hashrate_last24h":  9260224062.625
              },
    "phi":  {
                "name":  "phi",
                "port":  8333,
                "coins":  2,
                "fees":  1,
                "hashrate":  46995589877,
                "workers":  596,
                "estimate_current":  "0.00001010",
                "estimate_last24h":  "0.00000819",
                "actual_last24h":  0.0073065573770491809,
                "hashrate_last24h":  46391264079.542
            },
    "qubit":  {
                  "name":  "qubit",
                  "port":  4733,
                  "coins":  2,
                  "fees":  1,
                  "hashrate":  1761116,
                  "workers":  1,
                  "estimate_current":  "0.00014826",
                  "estimate_last24h":  "0.00019969",
                  "actual_last24h":  0.22846529000000002,
                  "hashrate_last24h":  2951883.2917
              },
    "scrypt":  {
                   "name":  "scrypt",
                   "port":  3433,
                   "coins":  13,
                   "fees":  1,
                   "hashrate":  72302611731,
                   "workers":  244,
                   "estimate_current":  "0.00135993",
                   "estimate_last24h":  "0.00151379",