{
    "bitcore":  {
                    "name":  "bitcore",
                    "port":  3556,
                    "coins":  1,
                    "fees":  0.4,
                    "hashrate":  61675741,
                    "workers":  0,
                    "estimate_current":  "0.00000715",
                    "estimate_last24h":  "0.00000692",
                    "actual_last24h":  0,
                    "mbtc_mh_factor":  1,
                    "hashrate_last24h":  21087391.6667
                },
    "blake2s":  {
                    "name":  "blake2s",
                    "port":  5766,
                    "coins":  4,
                    "fees":  0.4,
                    "hashrate":  0,
                    "workers":  0,
                    "estimate_current":  "0.00000770",
                    "estimate_last24h":  "0.00000791",
                    "actual_last24h":  0.0077000000000000011,
                    "mbtc_mh_factor":  1000,
                    "hashrate_last24h":  0
                },
    "c11":  {
                "name":  "c11",
                "port":  3573,
                "coins":  4,
                "fees":  0.4,
                "hashrate":  31665935,
                "workers":  1,
                "estimate_current":  "0.00000362",
                "estimate_last24h":  "0.00000497",
                "actual_last24h":  0.0026899999999999997,
                "mbtc_mh_factor":  1,
                "hashrate_last24h":  105994448.0208
            },
    "groestl":  {
                    "name":  "groestl",
                    "port":  3033,
                    "coins":  1,
                    "fees":  0.4,
                    "hashrate":  0,
                    "workers":  0,
                    "estimate_current":  "0.00000014",
                    "estimate_last24h":  "0.00000016",
                    "actual_last24h":  0.000135,
                    "mbtc_mh_factor":  1,
                    "hashrate_last24h":  0
                },
    "hmq1725":  {
                    "name":  "hmq1725",
                    "port":  3747,
                    "coins":  1,
                    "fees":  0.4,
                    "hashrate":  0,
                    "workers":  0,
                    "estimate_current":  "0.00001358",
                    "estimate_last24h":  "0.00001358",
                    "actual_last24h":  0.01358,
                    "mbtc_mh_factor":  1,
                    "hashrate_last24h":  0
                },
    "keccak":  {
                   "name":  "keccak",
                   "port":  5133,
                   "coins":  2,
                   "fees":  0.4,
                   "hashrate":  696053280596,
                   "workers":  234,
                   "estimate_current":  "0.00015988",
                   "estimate_last24h":  "0.00017564",
                   "actual_last24h":  0.184555,
                   "mbtc_mh_factor":  1000,
                   "hashrate_last24h":  929645632318.95
               },
    "keccakc":  {
                    "name":  "keccakc",
                    "port":  5134,
                    "coins":  1,
                    "fees":  0.4,
                    "hashrate":  7582965149,
                    "workers":  11,
                    "estimate_current":  "0.00038425",
                    "estimate_last24h":  "0.00013779",
                    "actual_last24h":  0.1578914,
                    "mbtc_mh_factor":  1000,
                    "hashrate_last24h":  15524179568.969
                },
    "lyra2v2":  {
                    "name":  "lyra2v2",
                    "port":  4533,
                    "coins":  9,
                    "fees":  0.4,
                    "hashrate":  1798732208,
                    "workers":  14,
                    "estimate_current":  "0.00000317",
                    "estimate_last24h":  "0.00000372",
                    "actual_last24h":  0.0041800000000000006,
                    "mbtc_mh_factor":  1,
                    "hashrate_last24h":  2956342868.125
                },
    "lyra2z":  {
                   "name":  "lyra2z",
                   "port":  4553,
                   "coins":  8,
                   "fees":  0.4,
                   "hashrate":  10504553640,
                   "workers":  993,
                   "estimate_current":  "0.00005160",
                   "estimate_last24h":  "0.00007504",
                   "actual_last24h":  0.07745,
                   "mbtc_mh_factor":  1,
                   "hashrate_last24h":  9622664622.5208
               },
    "neoscrypt":  {
                      "name":  "neoscrypt",
                      "port":  4233,
                      "coins":  27,
                      "fees":  0.4,
                      "hashrate":  295359610,
                      "workers":  74,
                      "estimate_current":  "0.00007058",
                      "estimate_last24h":  "0.00012841",
                      "actual_last24h":  0.1058016,
                      "mbtc_mh_factor":  1,
                      "hashrate_last24h":  267890883.375
                  },
    "phi":  {
                "name":  "phi",
                "port":  8333,
                "coins":  2,
                "fees":  0.4,
                "hashrate":  0,
                "workers":  0,
                "estimate_current":  "0.00000538",
                "estimate_last24h":  "0.00000547",
                "actual_last24h":  0.00767,
                "mbtc_mh_factor":  1,
                "hashrate_last24h":  10072137.3438
            },
    "scrypt":  {
                   "name":  "scrypt",
                   "port":  3433,
                   "coins":  3,
                   "fees":  0.4,
                   "hashrate":  0,
                   "workers":  0,
                   "estimate_current":  "0.00000089",
                   "estimate_last24h":  "0.00000069",
                   "actual_last24h":  0.00074500000000000011,
                   "mbtc_mh_factor":  1,
                   "hashrate_last24h":  0
               },
    "skunk":  {
                  "name":  "skunk",
                  "port":  8433,
                  "coins":  1,
                  "fees":  0.4,
                  "hashrate":  0,
                  "workers":  0,
                  "estimate_current":  "0.00000077",
                  "estimate_last24h":  "0.00000195",
                  "actual_last24h":  0,
                  "mbtc_mh_factor":  1,
                  "hashrate_last24h":  11541512.4792
              },
    "tribus":  {
                   "name":  "tribus",
                   "port":  8533,
                   "coins":  4,
                   "fees":  0.4,
                   "hashrate":  2345624806,
                   "workers":  1,
                   "estimate_current":  "0.00000177",
                   "estimate_last24h":  "0.00000144",
                   "actual_last24h":  0.00127,
                   "mbtc_mh_factor":  1,
                   "hashrate_last24h":  1677694093.1354
               },
    "x16r":  {
                 "name":  "x16r",
                 "port":  3636,
                 "coins":  3,
                 "fees":  0.4,
                 "hashrate":  1440531947,
                 "workers":  43,
                 "estimate_current":  "0.00001380",
                 "estimate_last24h":  "0.00001327",
                 "actual_last24h":  0.013795,
                 "mbtc_mh_factor":  1,
                 "hashrate_last24h":  1843240764.9896
             },
    "x16s":  {
                 "name":  "x16s",
                 "port":  3663,
                 "coins":  2,
                 "fees":  0.4,
                 "hashrate":  2421516793,
                 "workers":  50,
                 "estimate_current":  "0.00001165",