{
    "bitcore":  {
                    "name":  "bitcore",
                    "port":  3556,
                    "coins":  1,
                    "fees":  1,
                    "hashrate":  72670828,
                    "workers":  3,
                    "estimate_current":  "0.00001000",
                    "estimate_last24h":  "0.00000949",
                    "actual_last24h":  0.010020030000000001,
                    "hashrate_last24h":  127352922.9896
                },
    "blake2s":  {
                    "name":  "blake2s",
                    "port":  5766,
                    "coins":  4,
                    "fees":  1,
                    "hashrate":  45915605576,
                    "workers":  79,
                    "estimate_current":  "0.00001874",
                    "estimate_last24h":  "0.00001880",
                    "actual_last24h":  0.01685,
                    "hashrate_last24h":  59681796575.594
                },
    "blakecoin":  {
                      "name":  "blakecoin",
                      "port":  5743,
                      "coins":  3,
                      "fees":  1,
                      "hashrate":  4398046511,
                      "workers":  1,
                      "estimate_current":  "0.00000154",
                      "estimate_last24h":  "0.00000187",
                      "actual_last24h":  0.0015699899999999998,
                      "hashrate_last24h":  577549024.4688
                  },
    "c11":  {
                "name":  "c11",
                "port":  3573,
                "coins":  2,
                "fees":  1,
                "hashrate":  1495980,
                "workers":  3,
                "estimate_current":  "0.00000568",
                "estimate_last24h":  "0.00000610",
                "actual_last24h":  0.00552,
                "hashrate_last24h":  6854844.1667
            },
    "groestl":  {
                    "name":  "groestl",
                    "port":  5333,
                    "coins":  1,
                    "fees":  1,
                    "hashrate":  2354757,
                    "workers":  3,
                    "estimate_current":  "0.00000096",
                    "estimate_last24h":  "0.00000112",
                    "actual_last24h":  0.0011200000000000001,
                    "hashrate_last24h":  15337805.4375
                },
    "hmq1725":  {
                    "name":  "hmq1725",
                    "port":  3747,
                    "coins":  2,
                    "fees":  1,
                    "hashrate":  1147755,
                    "workers":  5,
                    "estimate_current":  "0.00003102",
                    "estimate_last24h":  "0.00002702",
                    "actual_last24h":  0.027889999999999998,
                    "hashrate_last24h":  11229195.2708
                },
    "hsr":  {
                "name":  "hsr",
                "port":  7433,
                "coins":  1,
                "fees":  1,
                "hashrate":  912230,
                "workers":  5,
                "estimate_current":  "0.00000990",
                "estimate_last24h":  "0.00001055",
                "actual_last24h":  0.012280069999999999,
                "hashrate_last24h":  43978632.5833
            },
    "keccak":  {
                   "name":  "keccak",
                   "port":  5133,
                   "coins":  1,
                   "fees":  1,
                   "hashrate":  749500426,
                   "workers":  1,
                   "estimate_current":  "0.00006629",
                   "estimate_last24h":  "0.00007561",
                   "actual_last24h":  0.065313770491803272,
                   "hashrate_last24h":  1793914781.875
               },
    "lbry":  {
                 "name":  "lbry",
                 "port":  3334,
                 "coins":  1,
                 "fees":  1,
                 "hashrate":  637716744,
                 "workers":  1,
                 "estimate_current":  "0.00000003",
                 "estimate_last24h":  "0.00000004",
                 "actual_last24h":  2.9999999999999997E-05,
                 "hashrate_last24h":  41985691.4167
             },
    "lyra2v2":  {
                    "name":  "lyra2v2",
                    "port":  4533,
                    "coins":  7,
                    "fees":  1,
                    "hashrate":  664288275,
                    "workers":  2,
                    "estimate_current":  "0.00000143",
                    "estimate_last24h":  "0.00000249",
                    "actual_last24h":  0.0025865573770491803,
                    "hashrate_last24h":  1069511275.2917
                },
    "myr-gr":  {
                   "name":  "myr-gr",
                   "port":  5433,
                   "coins":  6,
                   "fees":  1,
                   "hashrate":  357825,
                   "workers":  1,
                   "estimate_current":  "0.00000031",
                   "estimate_last24h":  "0.00000019",
                   "actual_last24h":  0.00022,
                   "hashrate_last24h":  65995436.6771
               },
    "neoscrypt":  {
                      "name":  "neoscrypt",
                      "port":  4233,
                      "coins":  11,
                      "fees":  1,
                      "hashrate":  94369353,
                      "workers":  65,
                      "estimate_current":  "0.00013267",
                      "estimate_last24h":  "0.00012798",
                      "actual_last24h":  0.12361426229508198,
                      "hashrate_last24h":  197636966.9271
                  },
    "nist5":  {
                  "name":  "nist5",
                  "port":  3833,
                  "coins":  3,
                  "fees":  1,
                  "hashrate":  858810,
                  "workers":  3,
                  "estimate_current":  "0.00000295",
                  "estimate_last24h":  "0.00000201",
                  "actual_last24h":  0.00135001,
                  "hashrate_last24h":  806094122.2396
              },
    "phi":  {
                "name":  "phi",
                "port":  8333,
                "coins":  2,
                "fees":  1,
                "hashrate":  218612232,
                "workers":  46,
                "estimate_current":  "0.00000625",
                "estimate_last24h":  "0.00000633",
                "actual_last24h":  0.00646,
                "hashrate_last24h":  1358046821.4583
            },
    "scrypt":  {
                   "name":  "scrypt",
                   "port":  3433,
                   "coins":  13,
                   "fees":  1,
                   "hashrate":  692116049,
                   "workers":  1,
                   "estimate_current":  "0.00130003",
                   "estimate_last24h":  "0.00156056",
                   "actual_last24h":  1.5167099999999998,
                   "hashrate_last24h":  367412054.4896
               },
    "sib":  {
                "name":  "sib",
                "port":  5033,
                "coins":  1,
                "fees":  1,
                "hashrate":  1321720,
                "workers":  4,
                "estimate_current":  "0.00000049",
                "estimate_last24h":  "0.00000051",
                "actual_last24h":  0.00049,
                "hashrate_last24h":  1310251.3542
            },
    "skein":  {
                  "name":  "skein",
                  "port":  4933,
                  "coins":  4,
                  "fees":  1,
                  "hashrate":  193667186468,
                  "workers":  406,
                  "estimate_current":  "0.00000057",
                  "estimate_last24h":  "0.00000030",
                  "actual_last24h":  0.00030557377049180329,