{
    "bitcore":  {
                    "name":  "bitcore",
                    "port":  3556,
                    "coins":  1,
                    "fees":  1,
                    "hashrate":  1755116,
                    "workers":  1,
                    "estimate_current":  "0.00000985",
                    "estimate_last24h":  "0.00000933",
                    "actual_last24h":  0.00979999,
                    "hashrate_last24h":  7748838.1042
                },
    "blake2s":  {
                    "name":  "blake2s",
                    "port":  5766,
                    "coins":  4,
                    "fees":  1,
                    "hashrate":  20582857672,
                    "workers":  63,
                    "estimate_current":  "0.00002216",
                    "estimate_last24h":  "0.00001883",
                    "actual_last24h":  0.02025,
                    "hashrate_last24h":  48459753314.667
                },
    "blakecoin":  {
                      "name":  "blakecoin",
                      "port":  5743,
                      "coins":  3,
                      "fees":  1,
                      "hashrate":  4482890,
                      "workers":  5,
                      "estimate_current":  "0.00000560",
                      "estimate_last24h":  "0.00000572",
                      "actual_last24h":  0.00569,
                      "hashrate_last24h":  817723595.6875
                  },
    "c11":  {
                "name":  "c11",
                "port":  3573,
                "coins":  2,
                "fees":  1,
                "hashrate":  860851,
                "workers":  1,
                "estimate_current":  "0.00000540",
                "estimate_last24h":  "0.00000587",
                "actual_last24h":  0.00585,
                "hashrate_last24h":  7948247.3958
            },
    "groestl":  {
                    "name":  "groestl",
                    "port":  5333,
                    "coins":  1,
                    "fees":  1,
                    "hashrate":  845880,
                    "workers":  1,
                    "estimate_current":  "0.00000168",
                    "estimate_last24h":  "0.00000203",
                    "actual_last24h":  0.0018599999999999999,
                    "hashrate_last24h":  4297353.3958
                },
    "hmq1725":  {
                    "name":  "hmq1725",
                    "port":  3747,
                    "coins":  1,
                    "fees":  1,
                    "hashrate":  17885,
                    "workers":  1,
                    "estimate_current":  "0.00006376",
                    "estimate_last24h":  "0.00002967",
                    "actual_last24h":  0.038310000000000004,
                    "hashrate_last24h":  1105533.8542
                },
    "hsr":  {
                "name":  "hsr",
                "port":  7433,
                "coins":  1,
                "fees":  1,
                "hashrate":  13927147,
                "workers":  1,
                "estimate_current":  "0.00000952",
                "estimate_last24h":  "0.00001008",
                "actual_last24h":  0.00952,
                "hashrate_last24h":  24551789.2188
            },
    "keccak":  {
                   "name":  "keccak",
                   "port":  5133,
                   "coins":  1,
                   "fees":  1,
                   "hashrate":  1422035039,
                   "workers":  5,
                   "estimate_current":  "0.00005858",
                   "estimate_last24h":  "0.00005569",
                   "actual_last24h":  0.00034705882352942339,
                   "hashrate_last24h":  222102303.25
               },
    "lbry":  {
                 "name":  "lbry",
                 "port":  3334,
                 "coins":  1,
                 "fees":  1,
                 "hashrate":  3220525,
                 "workers":  5,
                 "estimate_current":  "0.00000007",
                 "estimate_last24h":  "0.00000008",
                 "actual_last24h":  7.0000000000000007E-05,
                 "hashrate_last24h":  60931269.3125
             },
    "lyra2v2":  {
                    "name":  "lyra2v2",
                    "port":  4533,
                    "coins":  6,
                    "fees":  1,
                    "hashrate":  1868742,
                    "workers":  3,
                    "estimate_current":  "0.00000361",
                    "estimate_last24h":  "0.00000300",
                    "actual_last24h":  0.00348,
                    "hashrate_last24h":  949217594.3542
                },
    "myr-gr":  {
                   "name":  "myr-gr",
                   "port":  5433,
                   "coins":  6,
                   "fees":  1,
                   "hashrate":  1324101,
                   "workers":  3,
                   "estimate_current":  "0.00000023",
                   "estimate_last24h":  "0.00000025",
                   "actual_last24h":  0.00023000999999999997,
                   "hashrate_last24h":  10608760.125
               },
    "neoscrypt":  {
                      "name":  "neoscrypt",
                      "port":  4233,
                      "coins":  11,
                      "fees":  1,
                      "hashrate":  39520216,
                      "workers":  59,
                      "estimate_current":  "0.00013142",
                      "estimate_last24h":  "0.00015575",
                      "actual_last24h":  0.14835941176470588,
                      "hashrate_last24h":  139435427.5104
                  },
    "nist5":  {
                  "name":  "nist5",
                  "port":  3833,
                  "coins":  4,
                  "fees":  1,
                  "hashrate":  586406201,
                  "workers":  1,
                  "estimate_current":  "0.00000114",
                  "estimate_last24h":  "0.00000204",
                  "actual_last24h":  0.0023611764705882355,
                  "hashrate_last24h":  1184239077.5521
              },
    "phi":  {
                "name":  "phi",
                "port":  8333,
                "coins":  1,
                "fees":  1,
                "hashrate":  452676267,
                "workers":  52,
                "estimate_current":  "0.00001053",
                "estimate_last24h":  "0.00001097",
                "actual_last24h":  0.00909235294117647,
                "hashrate_last24h":  5932905797.4896
            },
    "scrypt":  {
                   "name":  "scrypt",
                   "port":  3433,
                   "coins":  9,
                   "fees":  1,
                   "hashrate":  4769340,
                   "workers":  5,
                   "estimate_current":  "0.00217046",
                   "estimate_last24h":  "0.00196228",
                   "actual_last24h":  2.0401,
                   "hashrate_last24h":  946462473.8229
               },
    "skein":  {
                  "name":  "skein",
                  "port":  4933,
                  "coins":  4,
                  "fees":  1,
                  "hashrate":  22421241114,
                  "workers":  7,
                  "estimate_current":  "0.00000037",
                  "estimate_last24h":  "0.00000035",
                  "actual_last24h":  0.00034941176470588238,
                  "hashrate_last24h":  102183621040.57
              },
    "skunk":  {
                  "name":  "skunk",
                  "port":  8433,
                  "coins":  1,
                  "fees":  1,
                  "hashrate":  1673456697,
                  "workers":  4,
                  "estimate_current":  "0.00000487",
                  "estimate_last24h":  "0.00000499",
                  "actual_last24h":  0.0037800000000000004,