{
    "bitcore":  {
                    "name":  "bitcore",
                    "port":  3556,
                    "coins":  1,
                    "fees":  0,
                    "hashrate":  186773762,
                    "workers":  4,
                    "estimate_current":  "0.00001083",
                    "estimate_last24h":  "0.00000935",
                    "actual_last24h":  0.01076,
                    "hashrate_last24h":  672449897.4063
                },
    "blake2s":  {
                    "name":  "blake2s",
                    "port":  5766,
                    "coins":  5,
                    "fees":  0,
                    "hashrate":  204465182301,
                    "workers":  31,
                    "estimate_current":  "0.00002517",
                    "estimate_last24h":  "0.00001584",
                    "actual_last24h":  0.02302,
                    "hashrate_last24h":  113394313981.96
                },
    "c11":  {
                "name":  "c11",
                "port":  3573,
                "coins":  4,
                "fees":  0,
                "hashrate":  477041445,
                "workers":  7,
                "estimate_current":  "0.00000424",
                "estimate_last24h":  "0.00000985",
                "actual_last24h":  0.0093164705882352941,
                "hashrate_last24h":  3537425163.8438
            },
    "groestl":  {
                    "name":  "groestl",
                    "port":  5333,
                    "coins":  1,
                    "fees":  0,
                    "hashrate":  71239191,
                    "workers":  1,
                    "estimate_current":  "0.00000196",
                    "estimate_last24h":  "0.00000210",
                    "actual_last24h":  0,
                    "hashrate_last24h":  55850084.3646
                },
    "hsr":  {
                "name":  "hsr",
                "port":  7433,
                "coins":  1,
                "fees":  0,
                "hashrate":  136104879,
                "workers":  1,
                "estimate_current":  "0.00001377",
                "estimate_last24h":  "0.00001422",
                "actual_last24h":  0.01558,
                "hashrate_last24h":  867652724.1146
            },
    "keccak":  {
                   "name":  "keccak",
                   "port":  5133,
                   "coins":  1,
                   "fees":  0,
                   "hashrate":  6032195668,
                   "workers":  3,
                   "estimate_current":  "0.00006076",
                   "estimate_last24h":  "0.00005731",
                   "actual_last24h":  0.050730000000000004,
                   "hashrate_last24h":  605597547.0104
               },
    "keccakc":  {
                    "name":  "keccakc",
                    "port":  5134,
                    "coins":  1,
                    "fees":  0,
                    "hashrate":  512876391,
                    "workers":  1,
                    "estimate_current":  "0.00020708",
                    "estimate_last24h":  "0.00018996",
                    "actual_last24h":  0.21841823529411764,
                    "hashrate_last24h":  8416170944.875
                },
    "lyra2v2":  {
                    "name":  "lyra2v2",
                    "port":  4533,
                    "coins":  9,
                    "fees":  0,
                    "hashrate":  2613172635,
                    "workers":  19,
                    "estimate_current":  "0.00000506",
                    "estimate_last24h":  "0.00000425",
                    "actual_last24h":  0.0052300000000000011,
                    "hashrate_last24h":  13407193772.74
                },
    "m7m":  {
                "name":  "m7m",
                "port":  6033,
                "coins":  1,
                "fees":  0,
                "hashrate":  405808,
                "workers":  6,
                "estimate_current":  "0.00009232",
                "estimate_last24h":  "0.00012406",
                "actual_last24h":  0,
                "hashrate_last24h":  394457.3854
            },
    "myr-gr":  {
                   "name":  "myr-gr",
                   "port":  5433,
                   "coins":  4,
                   "fees":  0,
                   "hashrate":  26388279,
                   "workers":  2,
                   "estimate_current":  "0.00000013",
                   "estimate_last24h":  "0.00000016",
                   "actual_last24h":  0.00020588235294117648,
                   "hashrate_last24h":  28874518582.115
               },
    "neoscrypt":  {
                      "name":  "neoscrypt",
                      "port":  4233,
                      "coins":  26,
                      "fees":  0,
                      "hashrate":  19362448847,
                      "workers":  557,
                      "estimate_current":  "0.00013837",
                      "estimate_last24h":  "0.00017076",
                      "actual_last24h":  0.16607882352941175,
                      "hashrate_last24h":  3534684440.5104
                  },
    "nist5":  {
                  "name":  "nist5",
                  "port":  3833,
                  "coins":  6,
                  "fees":  0,
                  "hashrate":  15617902966,
                  "workers":  97,
                  "estimate_current":  "0.00000176",
                  "estimate_last24h":  "0.00000273",
                  "actual_last24h":  0.00501235294117647,
                  "hashrate_last24h":  9879640962.8125
              },
    "phi":  {
                "name":  "phi",
                "port":  8333,
                "coins":  1,
                "fees":  0,
                "hashrate":  2494923825,
                "workers":  28,
                "estimate_current":  "0.00001133",
                "estimate_last24h":  "0.00001091",
                "actual_last24h":  0.011260000000000001,
                "hashrate_last24h":  3179208856.8646
            },
    "quark":  {
                  "name":  "quark",
                  "port":  4033,
                  "coins":  2,
                  "fees":  0,
                  "hashrate":  0,
                  "workers":  6,
                  "estimate_current":  "0.00016669",
                  "estimate_last24h":  "0.00022708",
                  "actual_last24h":  0.17744000000000001,
                  "hashrate_last24h":  33756517579.5
              },
    "qubit":  {
                  "name":  "qubit",
                  "port":  4733,
                  "coins":  4,
                  "fees":  0,
                  "hashrate":  109998837602,
                  "workers":  19,
                  "estimate_current":  "0.00021049",
                  "estimate_last24h":  "0.00021757",
                  "actual_last24h":  0.341485,
                  "hashrate_last24h":  212560251753.98
              },
    "scrypt":  {
                   "name":  "scrypt",
                   "port":  3433,
                   "coins":  39,
                   "fees":  0,
                   "hashrate":  202424218270,
                   "workers":  261,
                   "estimate_current":  "0.00236363",
                   "estimate_last24h":  "0.00208095",
                   "actual_last24h":  2.1902499999999994,
                   "hashrate_last24h":  198200673205.58
               },
    "sib":  {
                "name":  "sib",
                "port":  5033,
                "coins":  1,
                "fees":  0,
                "hashrate":  3945868689,
                "workers":  112,
                "estimate_current":  "0.00001117",
                "estimate_last24h":  "0.00030486",
                "actual_last24h":  0.0071600000000000023,
                "hashrate_last24h":  4543960255.875
            },