{
    "aergo":  {
                  "name":  "aergo",
                  "port":  3691,
                  "coins":  1,
                  "fees":  0.5,
                  "hashrate":  821203245,
                  "workers":  37,
                  "estimate_current":  "0.00002305",
                  "estimate_last24h":  "0.00002989",
                  "actual_last24h":  0.031311311475409838,
                  "mbtc_mh_factor":  1,
                  "hashrate_last24h":  737279258.0632
              },
    "allium":  {
                   "name":  "allium",
                   "port":  6433,
                   "coins":  1,
                   "fees":  0.5,
                   "hashrate":  555367809,
                   "workers":  37,
                   "estimate_current":  "0.00003237",
                   "estimate_last24h":  "0.00003110",
                   "actual_last24h":  0.0285,
                   "mbtc_mh_factor":  1,
                   "hashrate_last24h":  489962786.8842
               },
    "balloon":  {
                    "name":  "balloon",
                    "port":  5100,
                    "coins":  1,
                    "fees":  0.5,
                    "hashrate":  693425,
                    "workers":  12,
                    "estimate_current":  "0.00000826",
                    "estimate_last24h":  "0.00000867",
                    "actual_last24h":  0.0062899999999999987,
                    "mbtc_mh_factor":  0.001,
                    "hashrate_last24h":  608890.2526
                },
    "bitcore":  {
                    "name":  "bitcore",
                    "port":  3556,
                    "coins":  1,
                    "fees":  0.5,
                    "hashrate":  451028832,
                    "workers":  7,
                    "estimate_current":  "0.00000637",
                    "estimate_last24h":  "0.00000743",
                    "actual_last24h":  0.0063500000000000006,
                    "mbtc_mh_factor":  1,
                    "hashrate_last24h":  605734457.7684
                },
    "blake2s":  {
                    "name":  "blake2s",
                    "port":  5766,
                    "coins":  5,
                    "fees":  0.5,
                    "hashrate":  112267467273,
                    "workers":  42,
                    "estimate_current":  "0.00001208",
                    "estimate_last24h":  "0.00001070",
                    "actual_last24h":  0.0079016393442622943,
                    "mbtc_mh_factor":  1000,
                    "hashrate_last24h":  275302588487.8
                },
    "c11":  {
                "name":  "c11",
                "port":  3573,
                "coins":  7,
                "fees":  0.5,
                "hashrate":  1970500759,
                "workers":  30,
                "estimate_current":  "0.00000400",
                "estimate_last24h":  "0.00000629",
                "actual_last24h":  0.0054199999999999995,
                "mbtc_mh_factor":  1,
                "hashrate_last24h":  11098519752.326
            },
    "groestl":  {
                    "name":  "groestl",
                    "port":  5333,
                    "coins":  1,
                    "fees":  0.5,
                    "hashrate":  0,
                    "workers":  0,
                    "estimate_current":  "0.00000026",
                    "estimate_last24h":  "0.00000022",
                    "actual_last24h":  0.00021,
                    "mbtc_mh_factor":  1,
                    "hashrate_last24h":  0
                },
    "hmq1725":  {
                    "name":  "hmq1725",
                    "port":  3747,
                    "coins":  5,
                    "fees":  0.5,
                    "hashrate":  431583339,
                    "workers":  25,
                    "estimate_current":  "0.00001479",
                    "estimate_last24h":  "0.00002730",
                    "actual_last24h":  0.017782131147540983,
                    "mbtc_mh_factor":  1,
                    "hashrate_last24h":  677110672.4316
                },
    "hsr":  {
                "name":  "hsr",
                "port":  7433,
                "coins":  1,
                "fees":  0.5,
                "hashrate":  6999139179,
                "workers":  117,
                "estimate_current":  "0.00000708",
                "estimate_last24h":  "0.00001496",
                "actual_last24h":  0.012526065573770491,
                "mbtc_mh_factor":  1,
                "hashrate_last24h":  7292246602.6211
            },
    "keccak":  {
                   "name":  "keccak",
                   "port":  5133,
                   "coins":  2,
                   "fees":  0.5,
                   "hashrate":  45430331501,
                   "workers":  45,
                   "estimate_current":  "0.00015534",
                   "estimate_last24h":  "0.00014692",
                   "actual_last24h":  0.16618999999999998,
                   "mbtc_mh_factor":  1000,
                   "hashrate_last24h":  64720141855.884
               },
    "keccakc":  {
                    "name":  "keccakc",
                    "port":  5134,
                    "coins":  1,
                    "fees":  0.5,
                    "hashrate":  55718095298,
                    "workers":  17,
                    "estimate_current":  "0.00006083",
                    "estimate_last24h":  "0.00013836",
                    "actual_last24h":  0.059009999999999993,
                    "mbtc_mh_factor":  1000,
                    "hashrate_last24h":  48919786003.453
                },
    "lyra2v2":  {
                    "name":  "lyra2v2",
                    "port":  4533,
                    "coins":  12,
                    "fees":  0.5,
                    "hashrate":  97613382464,
                    "workers":  109,
                    "estimate_current":  "0.00000259",
                    "estimate_last24h":  "0.00000339",
                    "actual_last24h":  0.0029700000000000004,
                    "mbtc_mh_factor":  1,
                    "hashrate_last24h":  41596129658.623
                },
    "lyra2z":  {
                   "name":  "lyra2z",
                   "port":  4553,
                   "coins":  12,
                   "fees":  0.5,
                   "hashrate":  8597774476,
                   "workers":  946,
                   "estimate_current":  "0.00006075",
                   "estimate_last24h":  "0.00006832",
                   "actual_last24h":  0.059539999999999996,
                   "mbtc_mh_factor":  1,
                   "hashrate_last24h":  8426604202.2436
               },
    "m7m":  {
                "name":  "m7m",
                "port":  6033,
                "coins":  1,
                "fees":  0.5,
                "hashrate":  1481555,
                "workers":  27,
                "estimate_current":  "0.00018331",
                "estimate_last24h":  "0.00020524",
                "actual_last24h":  0.18880163934426228,
                "mbtc_mh_factor":  1,
                "hashrate_last24h":  1786945.9053
            },
    "myr-gr":  {
                   "name":  "myr-gr",
                   "port":  5433,
                   "coins":  5,
                   "fees":  0.5,
                   "hashrate":  415087629718,
                   "workers":  44,
                   "estimate_current":  "0.00000005",
                   "estimate_last24h":  "0.00000007",
                   "actual_last24h":  7.0000000000000021E-05,
                   "mbtc_mh_factor":  1,
                   "hashrate_last24h":  227735477867.54
               },
    "neoscrypt":  {
                      "name":  "neoscrypt",
                      "port":  4233,
                      "coins":  38,