{
    "bitcore":  {
                    "name":  "bitcore",
                    "port":  3556,
                    "coins":  1,
                    "fees":  0.5,
                    "hashrate":  1954553603,
                    "workers":  32,
                    "estimate_current":  "0.00000977",
                    "estimate_last24h":  "0.00000887",
                    "actual_last24h":  0.009417,
                    "hashrate_last24h":  1278143217.25
                },
    "blake2s":  {
                    "name":  "blake2s",
                    "port":  5766,
                    "coins":  4,
                    "fees":  0.5,
                    "hashrate":  201723733309,
                    "workers":  13,
                    "estimate_current":  "0.00001893",
                    "estimate_last24h":  "0.00001767",
                    "actual_last24h":  0,
                    "hashrate_last24h":  112301979721.72
                },
    "c11":  {
                "name":  "c11",
                "port":  3573,
                "coins":  5,
                "fees":  0.5,
                "hashrate":  18189792604,
                "workers":  199,
                "estimate_current":  "0.00000826",
                "estimate_last24h":  "0.00001055",
                "actual_last24h":  0.008490000000000001,
                "hashrate_last24h":  28519983806.521
            },
    "groestl":  {
                    "name":  "groestl",
                    "port":  5333,
                    "coins":  1,
                    "fees":  0.5,
                    "hashrate":  97810722,
                    "workers":  1,
                    "estimate_current":  "0.00000090",
                    "estimate_last24h":  "0.00000107",
                    "actual_last24h":  0,
                    "hashrate_last24h":  45005291.8021
                },
    "hmq1725":  {
                    "name":  "hmq1725",
                    "port":  3747,
                    "coins":  2,
                    "fees":  0.5,
                    "hashrate":  14942524,
                    "workers":  5,
                    "estimate_current":  "0.00003119",
                    "estimate_last24h":  "0.00003020",
                    "actual_last24h":  0.038400000000000004,
                    "hashrate_last24h":  45558637.6458
                },
    "hsr":  {
                "name":  "hsr",
                "port":  7433,
                "coins":  1,
                "fees":  0.5,
                "hashrate":  3194066619,
                "workers":  63,
                "estimate_current":  "0.00002147",
                "estimate_last24h":  "0.00001440",
                "actual_last24h":  0.01658,
                "hashrate_last24h":  2324129048.2083
            },
    "keccak":  {
                   "name":  "keccak",
                   "port":  5133,
                   "coins":  2,
                   "fees":  0.5,
                   "hashrate":  850288992,
                   "workers":  3,
                   "estimate_current":  "0.00007522",
                   "estimate_last24h":  "0.00007590",
                   "actual_last24h":  0.07465999999999999,
                   "hashrate_last24h":  696393155.6354
               },
    "keccakc":  {
                    "name":  "keccakc",
                    "port":  5134,
                    "coins":  1,
                    "fees":  0.5,
                    "hashrate":  18216158893,
                    "workers":  10,
                    "estimate_current":  "0.00017222",
                    "estimate_last24h":  "0.00011937",
                    "actual_last24h":  0.085292666666666642,
                    "hashrate_last24h":  48396994294.583
                },
    "lyra2v2":  {
                    "name":  "lyra2v2",
                    "port":  4533,
                    "coins":  11,
                    "fees":  0.5,
                    "hashrate":  14036640318,
                    "workers":  48,
                    "estimate_current":  "0.00000319",
                    "estimate_last24h":  "0.00000323",
                    "actual_last24h":  0.0031643333333333332,
                    "hashrate_last24h":  24447120842.198
                },
    "lyra2z":  {
                   "name":  "lyra2z",
                   "port":  4553,
                   "coins":  3,
                   "fees":  0.5,
                   "hashrate":  1838387634,
                   "workers":  192,
                   "estimate_current":  "0.00009604",
                   "estimate_last24h":  "0.00008318",
                   "actual_last24h":  0.07552,
                   "hashrate_last24h":  2002533906.0313
               },
    "m7m":  {
                "name":  "m7m",
                "port":  6033,
                "coins":  1,
                "fees":  0.5,
                "hashrate":  794111,
                "workers":  13,
                "estimate_current":  "0.00007893",
                "estimate_last24h":  "0.00010264",
                "actual_last24h":  0.10458,
                "hashrate_last24h":  559214.8021
            },
    "myr-gr":  {
                   "name":  "myr-gr",
                   "port":  5433,
                   "coins":  6,
                   "fees":  0.5,
                   "hashrate":  20795429920,
                   "workers":  10,
                   "estimate_current":  "0.00000016",
                   "estimate_last24h":  "0.00000015",
                   "actual_last24h":  0.00015900000000000004,
                   "hashrate_last24h":  23981814311.958
               },
    "neoscrypt":  {
                      "name":  "neoscrypt",
                      "port":  4233,
                      "coins":  20,
                      "fees":  0.5,
                      "hashrate":  5754217153,
                      "workers":  649,
                      "estimate_current":  "0.00010440",
                      "estimate_last24h":  "0.00014019",
                      "actual_last24h":  0.137704,
                      "hashrate_last24h":  12900137030.479
                  },
    "nist5":  {
                  "name":  "nist5",
                  "port":  3833,
                  "coins":  5,
                  "fees":  0.5,
                  "hashrate":  1177943457,
                  "workers":  10,
                  "estimate_current":  "0.00000302",
                  "estimate_last24h":  "0.00000221",
                  "actual_last24h":  0.0015879999999999998,
                  "hashrate_last24h":  11031311895.125
              },
    "phi":  {
                "name":  "phi",
                "port":  8333,
                "coins":  2,
                "fees":  0.5,
                "hashrate":  8751643432,
                "workers":  77,
                "estimate_current":  "0.00000942",
                "estimate_last24h":  "0.00000816",
                "actual_last24h":  0.0077033333333333329,
                "hashrate_last24h":  26873549439.781
            },
    "quark":  {
                  "name":  "quark",
                  "port":  4033,
                  "coins":  3,
                  "fees":  0.5,
                  "hashrate":  27350864846,
                  "workers":  26,
                  "estimate_current":  "0.00019855",
                  "estimate_last24h":  "0.00018021",
                  "actual_last24h":  0.193385,
                  "hashrate_last24h":  21234824697.604
              },
    "qubit":  {
                  "name":  "qubit",
                  "port":  4733,
                  "coins":  4,
                  "fees":  0.5,
                  "hashrate":  199530427514,
                  "workers":  34,
                  "estimate_current":  "0.00017730",
                  "estimate_last24h":  "0.00021308",