{
    "bitcore":  {
                    "name":  "bitcore",
                    "port":  3556,
                    "coins":  1,
                    "fees":  0,
                    "hashrate":  472646785,
                    "workers":  17,
                    "estimate_current":  "0.00001308",
                    "estimate_last24h":  "0.00001107",
                    "actual_last24h":  0.01308,
                    "hashrate_last24h":  552320588.1466
                },
    "blake2s":  {
                    "name":  "blake2s",
                    "port":  5766,
                    "coins":  5,
                    "fees":  0,
                    "hashrate":  494978144592,
                    "workers":  68,
                    "estimate_current":  "0.00002466",
                    "estimate_last24h":  "0.00001830",
                    "actual_last24h":  0.02466,
                    "hashrate_last24h":  330682804092.68
                },
    "c11":  {
                "name":  "c11",
                "port":  3573,
                "coins":  5,
                "fees":  0,
                "hashrate":  52193963572,
                "workers":  943,
                "estimate_current":  "0.00001492",
                "estimate_last24h":  "0.00001488",
                "actual_last24h":  0.01492,
                "hashrate_last24h":  47570531300.131
            },
    "groestl":  {
                    "name":  "groestl",
                    "port":  5333,
                    "coins":  1,
                    "fees":  0,
                    "hashrate":  229065,
                    "workers":  1,
                    "estimate_current":  "0.00000128",
                    "estimate_last24h":  "0.00000201",
                    "actual_last24h":  0,
                    "hashrate_last24h":  95048151.4241
                },
    "hsr":  {
                "name":  "hsr",
                "port":  7433,
                "coins":  1,
                "fees":  0,
                "hashrate":  115991147,
                "workers":  101,
                "estimate_current":  "0.00002051",
                "estimate_last24h":  "0.00001381",
                "actual_last24h":  0.020509999999999997,
                "hashrate_last24h":  465736853.466
            },
    "keccak":  {
                   "name":  "keccak",
                   "port":  5133,
                   "coins":  1,
                   "fees":  0,
                   "hashrate":  321950712,
                   "workers":  8,
                   "estimate_current":  "0.00007926",
                   "estimate_last24h":  "0.00006557",
                   "actual_last24h":  0.07926,
                   "hashrate_last24h":  584331424.9581
               },
    "keccakc":  {
                    "name":  "keccakc",
                    "port":  5134,
                    "coins":  1,
                    "fees":  0,
                    "hashrate":  38189245712,
                    "workers":  10,
                    "estimate_current":  "0.00026300",
                    "estimate_last24h":  "0.00020872",
                    "actual_last24h":  0.263,
                    "hashrate_last24h":  64381972323.895
                },
    "lyra2v2":  {
                    "name":  "lyra2v2",
                    "port":  4533,
                    "coins":  9,
                    "fees":  0,
                    "hashrate":  11290495429,
                    "workers":  73,
                    "estimate_current":  "0.00000485",
                    "estimate_last24h":  "0.00000433",
                    "actual_last24h":  0.00485,
                    "hashrate_last24h":  14649951350.267
                },
    "lyra2z":  {
                   "name":  "lyra2z",
                   "port":  4553,
                   "coins":  2,
                   "fees":  0,
                   "hashrate":  625174512,
                   "workers":  84,
                   "estimate_current":  "0.00009260",
                   "estimate_last24h":  "0.00009880",
                   "actual_last24h":  0.0926,
                   "hashrate_last24h":  703100407.2932
               },
    "m7m":  {
                "name":  "m7m",
                "port":  6033,
                "coins":  1,
                "fees":  0,
                "hashrate":  0,
                "workers":  0,
                "estimate_current":  "0.00004791",
                "estimate_last24h":  "0.00008338",
                "actual_last24h":  0.047909999999999994,
                "hashrate_last24h":  191274.9058
            },
    "myr-gr":  {
                   "name":  "myr-gr",
                   "port":  5433,
                   "coins":  4,
                   "fees":  0,
                   "hashrate":  19250073657,
                   "workers":  4,
                   "estimate_current":  "0.00000018",
                   "estimate_last24h":  "0.00000017",
                   "actual_last24h":  0.00017999999999999998,
                   "hashrate_last24h":  32456338750.633
               },
    "neoscrypt":  {
                      "name":  "neoscrypt",
                      "port":  4233,
                      "coins":  27,
                      "fees":  0,
                      "hashrate":  2769496566,
                      "workers":  703,
                      "estimate_current":  "0.00018500",
                      "estimate_last24h":  "0.00019336",
                      "actual_last24h":  0.185,
                      "hashrate_last24h":  3334997716.1414
                  },
    "nist5":  {
                  "name":  "nist5",
                  "port":  3833,
                  "coins":  7,
                  "fees":  0,
                  "hashrate":  3246637934,
                  "workers":  194,
                  "estimate_current":  "0.00000488",
                  "estimate_last24h":  "0.00000288",
                  "actual_last24h":  0.00488,
                  "hashrate_last24h":  22650100640.382
              },
    "phi":  {
                "name":  "phi",
                "port":  8333,
                "coins":  2,
                "fees":  0,
                "hashrate":  23974455219,
                "workers":  212,
                "estimate_current":  "0.00000960",
                "estimate_last24h":  "0.00001142",
                "actual_last24h":  0.0096,
                "hashrate_last24h":  11183595059.9
            },
    "quark":  {
                  "name":  "quark",
                  "port":  4033,
                  "coins":  3,
                  "fees":  0,
                  "hashrate":  11124418845,
                  "workers":  17,
                  "estimate_current":  "0.00020949",
                  "estimate_last24h":  "0.00022862",
                  "actual_last24h":  0.20949,
                  "hashrate_last24h":  44708985013.325
              },
    "qubit":  {
                  "name":  "qubit",
                  "port":  4733,
                  "coins":  4,
                  "fees":  0,
                  "hashrate":  184589853032,
                  "workers":  53,
                  "estimate_current":  "0.00031094",
                  "estimate_last24h":  "0.00024054",
                  "actual_last24h":  0.31094,
                  "hashrate_last24h":  143242343475.76
              },
    "scrypt":  {
                   "name":  "scrypt",
                   "port":  3433,
                   "coins":  37,
                   "fees":  0,
                   "hashrate":  92534697735,
                   "workers":  211,
                   "estimate_current":  "0.00138854",
                   "estimate_last24h":  "0.00221381",
                   "actual_last24h":  1.3885399999999999,
                   "hashrate_last24h":  105938317055.44
               },