{
    "aergo":  {
                  "name":  "aergo",
                  "port":  3691,
                  "coins":  1,
                  "fees":  1.75,
                  "hashrate":  58787222,
                  "workers":  6,
                  "estimate_current":  "0.00002571",
                  "estimate_last24h":  "0.00003072",
                  "actual_last24h":  0.03132,
                  "mbtc_mh_factor":  1,
                  "hashrate_last24h":  161976503.7368
              },
    "allium":  {
                   "name":  "allium",
                   "port":  6433,
                   "coins":  1,
                   "fees":  1.75,
                   "hashrate":  99013294,
                   "workers":  9,
                   "estimate_current":  "0.00003684",
                   "estimate_last24h":  "0.00003295",
                   "actual_last24h":  0.036236000000000004,
                   "mbtc_mh_factor":  1,
                   "hashrate_last24h":  117655798.2737
               },
    "bitcore":  {
                    "name":  "bitcore",
                    "port":  3556,
                    "coins":  1,
                    "fees":  1.75,
                    "hashrate":  767968894,
                    "workers":  28,
                    "estimate_current":  "0.00000767",
                    "estimate_last24h":  "0.00000743",
                    "actual_last24h":  0.0077000000000000011,
                    "mbtc_mh_factor":  1,
                    "hashrate_last24h":  771627196.4316
                },
    "blake2s":  {
                    "name":  "blake2s",
                    "port":  5766,
                    "coins":  4,
                    "fees":  1.75,
                    "hashrate":  17085648367577,
                    "workers":  2776,
                    "estimate_current":  "0.00000707",
                    "estimate_last24h":  "0.00000866",
                    "actual_last24h":  0.008471600000000001,
                    "mbtc_mh_factor":  1000,
                    "hashrate_last24h":  16122237606912
                },
    "blakecoin":  {
                      "name":  "blakecoin",
                      "port":  5743,
                      "coins":  1,
                      "fees":  1.75,
                      "hashrate":  1876499845,
                      "workers":  4,
                      "estimate_current":  "0.00000039",
                      "estimate_last24h":  "0.00000050",
                      "actual_last24h":  0.000965,
                      "mbtc_mh_factor":  1000,
                      "hashrate_last24h":  4417490506.2526
                  },
    "c11":  {
                "name":  "c11",
                "port":  3573,
                "coins":  7,
                "fees":  1.75,
                "hashrate":  721250308,
                "workers":  15,
                "estimate_current":  "0.00000399",
                "estimate_last24h":  "0.00000479",
                "actual_last24h":  0.00343,
                "mbtc_mh_factor":  1,
                "hashrate_last24h":  864879395.6947
            },
    "equihash":  {
                     "name":  "equihash",
                     "port":  2142,
                     "coins":  5,
                     "fees":  1.75,
                     "hashrate":  2049208.728,
                     "workers":  95,
                     "estimate_current":  "0.00003549",
                     "estimate_last24h":  "0.00003503",
                     "actual_last24h":  0.035460000000000012,
                     "mbtc_mh_factor":  0.75,
                     "hashrate_last24h":  1569801.712758
                 },
    "hmq1725":  {
                    "name":  "hmq1725",
                    "port":  3747,
                    "coins":  3,
                    "fees":  1.75,
                    "hashrate":  1438240477,
                    "workers":  254,
                    "estimate_current":  "0.00007961",
                    "estimate_last24h":  "0.00002823",
                    "actual_last24h":  0.0169884,
                    "mbtc_mh_factor":  1,
                    "hashrate_last24h":  629381316.2211
                },
    "hsr":  {
                "name":  "hsr",
                "port":  7433,
                "coins":  1,
                "fees":  1.75,
                "hashrate":  2164102766,
                "workers":  46,
                "estimate_current":  "0.00000948",
                "estimate_last24h":  "0.00001324",
                "actual_last24h":  0.0090138000000000024,
                "mbtc_mh_factor":  1,
                "hashrate_last24h":  4605899115.1368
            },
    "keccak":  {
                   "name":  "keccak",
                   "port":  5133,
                   "coins":  2,
                   "fees":  1.75,
                   "hashrate":  429867915988,
                   "workers":  183,
                   "estimate_current":  "0.00015297",
                   "estimate_last24h":  "0.00019540",
                   "actual_last24h":  0.19400400000000004,
                   "mbtc_mh_factor":  1000,
                   "hashrate_last24h":  555284727178.82
               },
    "keccakc":  {
                    "name":  "keccakc",
                    "port":  5134,
                    "coins":  1,
                    "fees":  1.75,
                    "hashrate":  105102087361,
                    "workers":  255,
                    "estimate_current":  "0.00036238",
                    "estimate_last24h":  "0.00014306",
                    "actual_last24h":  0.17075079999999998,
                    "mbtc_mh_factor":  1000,
                    "hashrate_last24h":  118925957779.32
                },
    "lyra2v2":  {
                    "name":  "lyra2v2",
                    "port":  4533,
                    "coins":  13,
                    "fees":  1.75,
                    "hashrate":  79966106475,
                    "workers":  582,
                    "estimate_current":  "0.00000292",
                    "estimate_last24h":  "0.00000411",
                    "actual_last24h":  0.00317,
                    "mbtc_mh_factor":  1,
                    "hashrate_last24h":  105599457030.33
                },
    "lyra2z":  {
                   "name":  "lyra2z",
                   "port":  4553,
                   "coins":  7,
                   "fees":  1.75,
                   "hashrate":  6718951862,
                   "workers":  748,
                   "estimate_current":  "0.00005848",
                   "estimate_last24h":  "0.00008028",
                   "actual_last24h":  0.0769024,
                   "mbtc_mh_factor":  1,
                   "hashrate_last24h":  9349724697.9158
               },
    "m7m":  {
                "name":  "m7m",
                "port":  6033,
                "coins":  1,
                "fees":  1.75,
                "hashrate":  20914119,
                "workers":  638,
                "estimate_current":  "0.00004563",
                "estimate_last24h":  "0.00011519",
                "actual_last24h":  0.047979999999999988,
                "mbtc_mh_factor":  1,
                "hashrate_last24h":  20089467.2
            },
    "myr-gr":  {
                   "name":  "myr-gr",
                   "port":  5433,
                   "coins":  6,
                   "fees":  1.75,
                   "hashrate":  107898741072,
                   "workers":  60,
                   "estimate_current":  "0.00000005",
                   "estimate_last24h":  "0.00000006",
                   "actual_last24h":  4E-05,
                   "mbtc_mh_factor":  1,
                   "hashrate_last24h":  135218325777.43
               },
    "neoscrypt":  {
                      "name":  "neoscrypt",
                      "port":  4233,