{
    "bitcore":  {
                    "name":  "bitcore",
                    "port":  3556,
                    "coins":  1,
                    "fees":  2,
                    "hashrate":  583001029,
                    "workers":  20,
                    "estimate_current":  "0.00000957",
                    "estimate_last24h":  "0.00000907",
                    "actual_last24h":  0.0095833333333333343,
                    "hashrate_last24h":  1023458963.1146
                },
    "blake2s":  {
                    "name":  "blake2s",
                    "port":  5766,
                    "coins":  4,
                    "fees":  2,
                    "hashrate":  16843169403265,
                    "workers":  3356,
                    "estimate_current":  "0.00002143",
                    "estimate_last24h":  "0.00001866",
                    "actual_last24h":  0.020015,
                    "hashrate_last24h":  16190644070048
                },
    "blakecoin":  {
                      "name":  "blakecoin",
                      "port":  5743,
                      "coins":  2,
                      "fees":  2,
                      "hashrate":  601887325200,
                      "workers":  11,
                      "estimate_current":  "0.00000527",
                      "estimate_last24h":  "0.00000549",
                      "actual_last24h":  0.00608,
                      "hashrate_last24h":  644661992558.88
                  },
    "c11":  {
                "name":  "c11",
                "port":  3573,
                "coins":  3,
                "fees":  2,
                "hashrate":  7990517503,
                "workers":  174,
                "estimate_current":  "0.00000438",
                "estimate_last24h":  "0.00000888",
                "actual_last24h":  0.0079563333333333344,
                "hashrate_last24h":  7009569573.5729
            },
    "equihash":  {
                     "name":  "equihash",
                     "port":  2142,
                     "coins":  4,
                     "fees":  2,
                     "hashrate":  2549302.152,
                     "workers":  576,
                     "estimate_current":  "0.00027058",
                     "estimate_last24h":  "0.00034485",
                     "actual_last24h":  0.29850933333333335,
                     "hashrate_last24h":  2570959.5228332
                 },
    "groestl":  {
                    "name":  "groestl",
                    "port":  5333,
                    "coins":  1,
                    "fees":  2,
                    "hashrate":  31569779,
                    "workers":  16,
                    "estimate_current":  "0.00000165",
                    "estimate_last24h":  "0.00000197",
                    "actual_last24h":  0,
                    "hashrate_last24h":  102250920.9583
                },
    "hmq1725":  {
                    "name":  "hmq1725",
                    "port":  3747,
                    "coins":  2,
                    "fees":  2,
                    "hashrate":  1010847904,
                    "workers":  113,
                    "estimate_current":  "0.00001455",
                    "estimate_last24h":  "0.00003526",
                    "actual_last24h":  0.014421333333333331,
                    "hashrate_last24h":  1625390913.375
                },
    "hsr":  {
                "name":  "hsr",
                "port":  7433,
                "coins":  1,
                "fees":  2,
                "hashrate":  233888113,
                "workers":  14,
                "estimate_current":  "0.00001336",
                "estimate_last24h":  "0.00001390",
                "actual_last24h":  0.010977999999999998,
                "hashrate_last24h":  1288240355.3125
            },
    "keccak":  {
                   "name":  "keccak",
                   "port":  5133,
                   "coins":  1,
                   "fees":  2,
                   "hashrate":  47644358546,
                   "workers":  78,
                   "estimate_current":  "0.00005118",
                   "estimate_last24h":  "0.00005393",
                   "actual_last24h":  0.053039333333333341,
                   "hashrate_last24h":  39818040505.802
               },
    "keccakc":  {
                    "name":  "keccakc",
                    "port":  5134,
                    "coins":  1,
                    "fees":  2,
                    "hashrate":  76312291750,
                    "workers":  30,
                    "estimate_current":  "0.00018234",
                    "estimate_last24h":  "0.00017868",
                    "actual_last24h":  0.25171533333333335,
                    "hashrate_last24h":  52239922235.188
                },
    "lbry":  {
                 "name":  "lbry",
                 "port":  3334,
                 "coins":  1,
                 "fees":  2,
                 "hashrate":  361020290761,
                 "workers":  81,
                 "estimate_current":  "0.00000007",
                 "estimate_last24h":  "0.00000008",
                 "actual_last24h":  0,
                 "hashrate_last24h":  227048418625.93
             },
    "lyra2v2":  {
                    "name":  "lyra2v2",
                    "port":  4533,
                    "coins":  8,
                    "fees":  1.75,
                    "hashrate":  100599587230,
                    "workers":  847,
                    "estimate_current":  "0.00000366",
                    "estimate_last24h":  "0.00000418",
                    "actual_last24h":  0.0034300000000000003,
                    "hashrate_last24h":  111725413483.56
                },
    "lyra2z":  {
                   "name":  "lyra2z",
                   "port":  4553,
                   "coins":  2,
                   "fees":  1,
                   "hashrate":  893559202,
                   "workers":  281,
                   "estimate_current":  "0.00011738",
                   "estimate_last24h":  "0.00008952",
                   "actual_last24h":  0.08273,
                   "hashrate_last24h":  1420661123.5417
               },
    "m7m":  {
                "name":  "m7m",
                "port":  6033,
                "coins":  1,
                "fees":  2,
                "hashrate":  19853618,
                "workers":  727,
                "estimate_current":  "0.00007890",
                "estimate_last24h":  "0.00011937",
                "actual_last24h":  0.074636666666666671,
                "hashrate_last24h":  18437821.2292
            },
    "myr-gr":  {
                   "name":  "myr-gr",
                   "port":  5433,
                   "coins":  6,
                   "fees":  2,
                   "hashrate":  132014696108,
                   "workers":  35,
                   "estimate_current":  "0.00000013",
                   "estimate_last24h":  "0.00000015",
                   "actual_last24h":  0.00015933333333333332,
                   "hashrate_last24h":  173748339749.97
               },
    "neoscrypt":  {
                      "name":  "neoscrypt",
                      "port":  4233,
                      "coins":  16,
                      "fees":  2,
                      "hashrate":  14561455221,
                      "workers":  2128,
                      "estimate_current":  "0.00015168",
                      "estimate_last24h":  "0.00017025",
                      "actual_last24h":  0.16272666666666663,
                      "hashrate_last24h":  6327136537.8646
                  },
    "nist5":  {
                  "name":  "nist5",
                  "port":  3833,
                  "coins":  5,
                  "fees":  2,
                  "hashrate":  21403855674,
                  "workers":  86,