{
    "bitcore":  {
                    "name":  "bitcore",
                    "port":  3556,
                    "coins":  1,
                    "fees":  2,
                    "hashrate":  1598344074,
                    "workers":  43,
                    "estimate_current":  "0.00000919",
                    "estimate_last24h":  "0.00000870",
                    "actual_last24h":  0.00931,
                    "hashrate_last24h":  1266331072.0521
                },
    "blake2s":  {
                    "name":  "blake2s",
                    "port":  5766,
                    "coins":  4,
                    "fees":  2,
                    "hashrate":  17674634756344,
                    "workers":  3265,
                    "estimate_current":  "0.00001732",
                    "estimate_last24h":  "0.00001688",
                    "actual_last24h":  0.016462666666666671,
                    "hashrate_last24h":  18312178021953
                },
    "blakecoin":  {
                      "name":  "blakecoin",
                      "port":  5743,
                      "coins":  2,
                      "fees":  2,
                      "hashrate":  352019642749,
                      "workers":  6,
                      "estimate_current":  "0.00000090",
                      "estimate_last24h":  "0.00000116",
                      "actual_last24h":  0.00069499999999999976,
                      "hashrate_last24h":  271132848171.85
                  },
    "c11":  {
                "name":  "c11",
                "port":  3573,
                "coins":  3,
                "fees":  2,
                "hashrate":  6616391851,
                "workers":  133,
                "estimate_current":  "0.00000670",
                "estimate_last24h":  "0.00000746",
                "actual_last24h":  0.0065476666666666669,
                "hashrate_last24h":  5499538786.8646
            },
    "decred":  {
                   "name":  "decred",
                   "port":  5744,
                   "coins":  1,
                   "fees":  2.25,
                   "hashrate":  78285227898,
                   "workers":  54,
                   "estimate_current":  "0.00000899",
                   "estimate_last24h":  "0.00000853",
                   "actual_last24h":  0,
                   "hashrate_last24h":  73372854280.74
               },
    "equihash":  {
                     "name":  "equihash",
                     "port":  2142,
                     "coins":  5,
                     "fees":  2.25,
                     "hashrate":  1557338.592,
                     "workers":  283,
                     "estimate_current":  "0.00028215",
                     "estimate_last24h":  "0.00023880",
                     "actual_last24h":  0.22949999999999998,
                     "hashrate_last24h":  1826676.6688752
                 },
    "groestl":  {
                    "name":  "groestl",
                    "port":  5333,
                    "coins":  1,
                    "fees":  2,
                    "hashrate":  42653516,
                    "workers":  16,
                    "estimate_current":  "0.00000088",
                    "estimate_last24h":  "0.00000103",
                    "actual_last24h":  0,
                    "hashrate_last24h":  48383350.0417
                },
    "hmq1725":  {
                    "name":  "hmq1725",
                    "port":  3747,
                    "coins":  1,
                    "fees":  2,
                    "hashrate":  740229740,
                    "workers":  78,
                    "estimate_current":  "0.00002626",
                    "estimate_last24h":  "0.00002158",
                    "actual_last24h":  0.02159,
                    "hashrate_last24h":  812193501.125
                },
    "hsr":  {
                "name":  "hsr",
                "port":  7433,
                "coins":  1,
                "fees":  2,
                "hashrate":  11903987249,
                "workers":  202,
                "estimate_current":  "0.00001246",
                "estimate_last24h":  "0.00001408",
                "actual_last24h":  0.015925,
                "hashrate_last24h":  4419740791.7813
            },
    "keccak":  {
                   "name":  "keccak",
                   "port":  5133,
                   "coins":  1,
                   "fees":  2,
                   "hashrate":  17599974252,
                   "workers":  42,
                   "estimate_current":  "0.00006071",
                   "estimate_last24h":  "0.00006910",
                   "actual_last24h":  0.062230999999999995,
                   "hashrate_last24h":  22553694087.323
               },
    "keccakc":  {
                    "name":  "keccakc",
                    "port":  5134,
                    "coins":  1,
                    "fees":  2,
                    "hashrate":  10934299504,
                    "workers":  13,
                    "estimate_current":  "0.00013524",
                    "estimate_last24h":  "0.00011175",
                    "actual_last24h":  0.077838833333333343,
                    "hashrate_last24h":  25694205182.292
                },
    "lbry":  {
                 "name":  "lbry",
                 "port":  3334,
                 "coins":  1,
                 "fees":  2,
                 "hashrate":  91852285081,
                 "workers":  31,
                 "estimate_current":  "0.00000003",
                 "estimate_last24h":  "0.00000004",
                 "actual_last24h":  0,
                 "hashrate_last24h":  102683200010.86
             },
    "lyra2v2":  {
                    "name":  "lyra2v2",
                    "port":  4533,
                    "coins":  10,
                    "fees":  1.75,
                    "hashrate":  98485891296,
                    "workers":  788,
                    "estimate_current":  "0.00000230",
                    "estimate_last24h":  "0.00000314",
                    "actual_last24h":  0.0034053333333333331,
                    "hashrate_last24h":  122661509892.14
                },
    "lyra2z":  {
                   "name":  "lyra2z",
                   "port":  4553,
                   "coins":  2,
                   "fees":  1,
                   "hashrate":  1153448669,
                   "workers":  336,
                   "estimate_current":  "0.00009457",
                   "estimate_last24h":  "0.00006745",
                   "actual_last24h":  0.071704666666666667,
                   "hashrate_last24h":  1143349533.7083
               },
    "m7m":  {
                "name":  "m7m",
                "port":  6033,
                "coins":  1,
                "fees":  2,
                "hashrate":  19571952,
                "workers":  592,
                "estimate_current":  "0.00007447",
                "estimate_last24h":  "0.00009932",
                "actual_last24h":  0.085431333333333317,
                "hashrate_last24h":  20306688.6042
            },
    "myr-gr":  {
                   "name":  "myr-gr",
                   "port":  5433,
                   "coins":  7,
                   "fees":  2,
                   "hashrate":  295753967717,
                   "workers":  42,
                   "estimate_current":  "0.00000013",
                   "estimate_last24h":  "0.00000013",
                   "actual_last24h":  0.00013733333333333336,
                   "hashrate_last24h":  299215902244.71
               },
    "neoscrypt":  {
                      "name":  "neoscrypt",
                      "port":  4233,
                      "coins":  22,
                      "fees":  2,
                      "hashrate":  4104870444,
                      "workers":  2136,